{
  "google/gemma-3-4b-it": {
    "total_runs": 86,
    "successes": 77,
    "failures": 9,
    "avg_score": 0.6325581395348839,
    "avg_cost": 0.0010421046511627913,
    "reward": 0.6325581395348839
  },
  "nvidia/nemotron-nano-9b-v2": {
    "total_runs": 62,
    "successes": 62,
    "failures": 0,
    "avg_score": 0.714516129032258,
    "avg_cost": 0.0015547903225806448,
    "reward": 0.714516129032258
  },
  "meta-llama/llama-3.3-70b-instruct": {
    "total_runs": 4,
    "successes": 4,
    "failures": 0,
    "avg_score": 0.7,
    "avg_cost": 0.0014,
    "reward": 0.7
  },
  "meta-llama/llama-3.2-3b-instruct": {
    "total_runs": 39,
    "successes": 39,
    "failures": 0,
    "avg_score": 0.7192307692307693,
    "avg_cost": 0.0011162051282051283,
    "reward": 0.7192307692307693
  }
}